{
  "cam0": {
    "extrinsic": [
      [  0.99677090,  -0.04369456,  -0.06736883,   0.52157959],
      [  0.00837434,  -0.77784269,   0.62840324,  -0.61566698],
      [ -0.07986016,  -0.62693823,  -0.77496504,   0.60502813],
      [  0.00000000,   0.00000000,   0.00000000,   1.00000000]
    ],
    "intrinsic": [[604.32141113, 0.0, 637.40759277],
                  [0.0, 604.109375, 363.02313232],
                  [0.0, 0.0, 1.0]],

    "distortion": [-0.151632443, -1.65168953, 0.00068966893, 9.00939267e-06, 0.975660205, -0.26764226, -1.46977592, 0.901616156]
  },
  "cam1": {
    "extrinsic": [
      [  1.349660347697737941e-02,   7.554690687187867773e-01,  -6.550452833041595795e-01,   9.188509548509002146e-01],
      [  9.998997614410496330e-01,  -7.393743821280742305e-03,   1.207474449695044360e-02,  -1.253194981669589165e-01],
      [  4.278854082009361129e-03,  -6.551425889090269950e-01,  -7.554931365040688724e-01,   6.039204156825904076e-01],
      [  0.000000000000000000e+00,   0.000000000000000000e+00,   0.000000000000000000e+00,   1.000000000000000000e+00]
    ],
    "intrinsic": [[609.09680176, 0.0, 639.61486816],
                  [0.0, 608.88891602, 365.63900757],
                  [0.0, 0.0, 1.0]],
    "distortion": [0.635826647, -2.91944551, 0.000952081464, -0.000327307062, 1.68455172, 0.512719929, -2.73880315, 1.60850489]
  }
}
